<?xml version="1.0" encoding="utf-8" standalone="yes" ?>
<feed xml:base="https://home.treasury.gov/resource-center/data-chart-center/interest-rates/pages/xml" xmlns:d="http://schemas.microsoft.com/ado/2007/08/dataservices" xmlns:m="http://schemas.microsoft.com/ado/2007/08/dataservices/metadata" xmlns="http://www.w3.org/2005/Atom"> 
<title type="text">DailyTreasuryYieldCurveRateData</title>
<id>https://home.treasury.gov/resource-center/data-chart-center/interest-rates/pages/xml-item?data=daily_treasury_yield_curve</id>
  <updated>2023-07-18T15:52:20Z</updated>
  <link rel="self" title="DailyTreasuryYieldCurveRateData" href="DailyTreasuryYieldCurveRateData"/>
<entry>
<title type="text"></title>
<updated>2023-07-18T15:52:20Z</updated>
<author><name /></author>
<category term="TreasuryDataWarehouseModel.DailyTreasuryYieldCurveRateDatum" scheme="http://schemas.microsoft.com/ado/2007/08/dataservices/scheme" />
<content type="application/xml">
<m:properties>
<d:NEW_DATE m:type="Edm.DateTime">2023-07-03T00:00:00</d:NEW_DATE>
<d:BC_1MONTH m:type="Edm.Double">5.27</d:BC_1MONTH>
<d:BC_2MONTH m:type="Edm.Double">5.40</d:BC_2MONTH>
<d:BC_3MONTH m:type="Edm.Double">5.44</d:BC_3MONTH>
<d:BC_4MONTH m:type="Edm.Double">5.52</d:BC_4MONTH>
<d:BC_6MONTH m:type="Edm.Double">5.53</d:BC_6MONTH>
<d:BC_1YEAR m:type="Edm.Double">5.43</d:BC_1YEAR>
<d:BC_2YEAR m:type="Edm.Double">4.94</d:BC_2YEAR>
<d:BC_3YEAR m:type="Edm.Double">4.56</d:BC_3YEAR>
<d:BC_5YEAR m:type="Edm.Double">4.19</d:BC_5YEAR>
<d:BC_7YEAR m:type="Edm.Double">4.03</d:BC_7YEAR>
<d:BC_10YEAR m:type="Edm.Double">3.86</d:BC_10YEAR>
<d:BC_20YEAR m:type="Edm.Double">4.08</d:BC_20YEAR>
<d:BC_30YEAR m:type="Edm.Double">3.87</d:BC_30YEAR>
<d:BC_30YEARDISPLAY m:type="Edm.Double">3.87</d:BC_30YEARDISPLAY>
</m:properties>
</content>
</entry>
<entry>
<title type="text"></title>
<updated>2023-07-18T15:52:20Z</updated>
<author><name /></author>
<category term="TreasuryDataWarehouseModel.DailyTreasuryYieldCurveRateDatum" scheme="http://schemas.microsoft.com/ado/2007/08/dataservices/scheme" />
<content type="application/xml">
<m:properties>
<d:NEW_DATE m:type="Edm.DateTime">2023-07-05T00:00:00</d:NEW_DATE>
<d:BC_1MONTH m:type="Edm.Double">5.28</d:BC_1MONTH>
<d:BC_2MONTH m:type="Edm.Double">5.38</d:BC_2MONTH>
<d:BC_3MONTH m:type="Edm.Double">5.44</d:BC_3MONTH>
<d:BC_4MONTH m:type="Edm.Double">5.51</d:BC_4MONTH>
<d:BC_6MONTH m:type="Edm.Double">5.52</d:BC_6MONTH>
<d:BC_1YEAR m:type="Edm.Double">5.40</d:BC_1YEAR>
<d:BC_2YEAR m:type="Edm.Double">4.94</d:BC_2YEAR>
<d:BC_3YEAR m:type="Edm.Double">4.59</d:BC_3YEAR>
<d:BC_5YEAR m:type="Edm.Double">4.25</d:BC_5YEAR>
<d:BC_7YEAR m:type="Edm.Double">4.11</d:BC_7YEAR>
<d:BC_10YEAR m:type="Edm.Double">3.95</d:BC_10YEAR>
<d:BC_20YEAR m:type="Edm.Double">4.17</d:BC_20YEAR>
<d:BC_30YEAR m:type="Edm.Double">3.95</d:BC_30YEAR>
<d:BC_30YEARDISPLAY m:type="Edm.Double">3.95</d:BC_30YEARDISPLAY>
</m:properties>
</content>
</entry>
<entry>
<title type="text"></title>
<updated>2023-07-18T15:52:20Z</updated>
<author><name /></author>
<category term="TreasuryDataWarehouseModel.DailyTreasuryYieldCurveRateDatum" scheme="http://schemas.microsoft.com/ado/2007/08/dataservices/scheme" />
<content type="application/xml">
<m:properties>
<d:NEW_DATE m:type="Edm.DateTime">2023-07-06T00:00:00</d:NEW_DATE>
<d:BC_1MONTH m:type="Edm.Double">5.32</d:BC_1MONTH>
<d:BC_2MONTH m:type="Edm.Double">5.47</d:BC_2MONTH>
<d:BC_3MONTH m:type="Edm.Double">5.46</d:BC_3MONTH>
<d:BC_4MONTH m:type="Edm.Double">5.52</d:BC_4MONTH>
<d:BC_6MONTH m:type="Edm.Double">5.54</d:BC_6MONTH>
<d:BC_1YEAR m:type="Edm.Double">5.44</d:BC_1YEAR>
<d:BC_2YEAR m:type="Edm.Double">4.99</d:BC_2YEAR>
<d:BC_3YEAR m:type="Edm.Double">4.68</d:BC_3YEAR>
<d:BC_5YEAR m:type="Edm.Double">4.37</d:BC_5YEAR>
<d:BC_7YEAR m:type="Edm.Double">4.22</d:BC_7YEAR>
<d:BC_10YEAR m:type="Edm.Double">4.05</d:BC_10YEAR>
<d:BC_20YEAR m:type="Edm.Double">4.23</d:BC_20YEAR>
<d:BC_30YEAR m:type="Edm.Double">4.01</d:BC_30YEAR>
<d:BC_30YEARDISPLAY m:type="Edm.Double">4.01</d:BC_30YEARDISPLAY>
</m:properties>
</content>
</entry>
<entry>
<title type="text"></title>
<updated>2023-07-18T15:52:20Z</updated>
<author><name /></author>
<category term="TreasuryDataWarehouseModel.DailyTreasuryYieldCurveRateDatum" scheme="http://schemas.microsoft.com/ado/2007/08/dataservices/scheme" />
<content type="application/xml">
<m:properties>
<d:NEW_DATE m:type="Edm.DateTime">2023-07-07T00:00:00</d:NEW_DATE>
<d:BC_1MONTH m:type="Edm.Double">5.32</d:BC_1MONTH>
<d:BC_2MONTH m:type="Edm.Double">5.47</d:BC_2MONTH>
<d:BC_3MONTH m:type="Edm.Double">5.46</d:BC_3MONTH>
<d:BC_4MONTH m:type="Edm.Double">5.52</d:BC_4MONTH>
<d:BC_6MONTH m:type="Edm.Double">5.53</d:BC_6MONTH>
<d:BC_1YEAR m:type="Edm.Double">5.41</d:BC_1YEAR>
<d:BC_2YEAR m:type="Edm.Double">4.94</d:BC_2YEAR>
<d:BC_3YEAR m:type="Edm.Double">4.64</d:BC_3YEAR>
<d:BC_5YEAR m:type="Edm.Double">4.35</d:BC_5YEAR>
<d:BC_7YEAR m:type="Edm.Double">4.23</d:BC_7YEAR>
<d:BC_10YEAR m:type="Edm.Double">4.06</d:BC_10YEAR>
<d:BC_20YEAR m:type="Edm.Double">4.27</d:BC_20YEAR>
<d:BC_30YEAR m:type="Edm.Double">4.05</d:BC_30YEAR>
<d:BC_30YEARDISPLAY m:type="Edm.Double">4.05</d:BC_30YEARDISPLAY>
</m:properties>
</content>
</entry>
<entry>
<title type="text"></title>
<updated>2023-07-18T15:52:20Z</updated>
<author><name /></author>
<category term="TreasuryDataWarehouseModel.DailyTreasuryYieldCurveRateDatum" scheme="http://schemas.microsoft.com/ado/2007/08/dataservices/scheme" />
<content type="application/xml">
<m:properties>
<d:NEW_DATE m:type="Edm.DateTime">2023-07-10T00:00:00</d:NEW_DATE>
<d:BC_1MONTH m:type="Edm.Double">5.34</d:BC_1MONTH>
<d:BC_2MONTH m:type="Edm.Double">5.47</d:BC_2MONTH>
<d:BC_3MONTH m:type="Edm.Double">5.48</d:BC_3MONTH>
<d:BC_4MONTH m:type="Edm.Double">5.53</d:BC_4MONTH>
<d:BC_6MONTH m:type="Edm.Double">5.54</d:BC_6MONTH>
<d:BC_1YEAR m:type="Edm.Double">5.38</d:BC_1YEAR>
<d:BC_2YEAR m:type="Edm.Double">4.85</d:BC_2YEAR>
<d:BC_3YEAR m:type="Edm.Double">4.54</d:BC_3YEAR>
<d:BC_5YEAR m:type="Edm.Double">4.25</d:BC_5YEAR>
<d:BC_7YEAR m:type="Edm.Double">4.14</d:BC_7YEAR>
<d:BC_10YEAR m:type="Edm.Double">4.01</d:BC_10YEAR>
<d:BC_20YEAR m:type="Edm.Double">4.24</d:BC_20YEAR>
<d:BC_30YEAR m:type="Edm.Double">4.05</d:BC_30YEAR>
<d:BC_30YEARDISPLAY m:type="Edm.Double">4.05</d:BC_30YEARDISPLAY>
</m:properties>
</content>
</entry>
<entry>
<title type="text"></title>
<updated>2023-07-18T15:52:20Z</updated>
<author><name /></author>
<category term="TreasuryDataWarehouseModel.DailyTreasuryYieldCurveRateDatum" scheme="http://schemas.microsoft.com/ado/2007/08/dataservices/scheme" />
<content type="application/xml">
<m:properties>
<d:NEW_DATE m:type="Edm.DateTime">2023-07-11T00:00:00</d:NEW_DATE>
<d:BC_1MONTH m:type="Edm.Double">5.35</d:BC_1MONTH>
<d:BC_2MONTH m:type="Edm.Double">5.48</d:BC_2MONTH>
<d:BC_3MONTH m:type="Edm.Double">5.49</d:BC_3MONTH>
<d:BC_4MONTH m:type="Edm.Double">5.53</d:BC_4MONTH>
<d:BC_6MONTH m:type="Edm.Double">5.55</d:BC_6MONTH>
<d:BC_1YEAR m:type="Edm.Double">5.44</d:BC_1YEAR>
<d:BC_2YEAR m:type="Edm.Double">4.88</d:BC_2YEAR>
<d:BC_3YEAR m:type="Edm.Double">4.52</d:BC_3YEAR>
<d:BC_5YEAR m:type="Edm.Double">4.24</d:BC_5YEAR>
<d:BC_7YEAR m:type="Edm.Double">4.13</d:BC_7YEAR>
<d:BC_10YEAR m:type="Edm.Double">3.99</d:BC_10YEAR>
<d:BC_20YEAR m:type="Edm.Double">4.22</d:BC_20YEAR>
<d:BC_30YEAR m:type="Edm.Double">4.03</d:BC_30YEAR>
<d:BC_30YEARDISPLAY m:type="Edm.Double">4.03</d:BC_30YEARDISPLAY>
</m:properties>
</content>
</entry>
<entry>
<title type="text"></title>
<updated>2023-07-18T15:52:20Z</updated>
<author><name /></author>
<category term="TreasuryDataWarehouseModel.DailyTreasuryYieldCurveRateDatum" scheme="http://schemas.microsoft.com/ado/2007/08/dataservices/scheme" />
<content type="application/xml">
<m:properties>
<d:NEW_DATE m:type="Edm.DateTime">2023-07-12T00:00:00</d:NEW_DATE>
<d:BC_1MONTH m:type="Edm.Double">5.36</d:BC_1MONTH>
<d:BC_2MONTH m:type="Edm.Double">5.49</d:BC_2MONTH>
<d:BC_3MONTH m:type="Edm.Double">5.47</d:BC_3MONTH>
<d:BC_4MONTH m:type="Edm.Double">5.52</d:BC_4MONTH>
<d:BC_6MONTH m:type="Edm.Double">5.53</d:BC_6MONTH>
<d:BC_1YEAR m:type="Edm.Double">5.35</d:BC_1YEAR>
<d:BC_2YEAR m:type="Edm.Double">4.72</d:BC_2YEAR>
<d:BC_3YEAR m:type="Edm.Double">4.36</d:BC_3YEAR>
<d:BC_5YEAR m:type="Edm.Double">4.07</d:BC_5YEAR>
<d:BC_7YEAR m:type="Edm.Double">3.97</d:BC_7YEAR>
<d:BC_10YEAR m:type="Edm.Double">3.86</d:BC_10YEAR>
<d:BC_20YEAR m:type="Edm.Double">4.14</d:BC_20YEAR>
<d:BC_30YEAR m:type="Edm.Double">3.96</d:BC_30YEAR>
<d:BC_30YEARDISPLAY m:type="Edm.Double">3.96</d:BC_30YEARDISPLAY>
</m:properties>
</content>
</entry>
<entry>
<title type="text"></title>
<updated>2023-07-18T15:52:20Z</updated>
<author><name /></author>
<category term="TreasuryDataWarehouseModel.DailyTreasuryYieldCurveRateDatum" scheme="http://schemas.microsoft.com/ado/2007/08/dataservices/scheme" />
<content type="application/xml">
<m:properties>
<d:NEW_DATE m:type="Edm.DateTime">2023-07-13T00:00:00</d:NEW_DATE>
<d:BC_1MONTH m:type="Edm.Double">5.37</d:BC_1MONTH>
<d:BC_2MONTH m:type="Edm.Double">5.50</d:BC_2MONTH>
<d:BC_3MONTH m:type="Edm.Double">5.47</d:BC_3MONTH>
<d:BC_4MONTH m:type="Edm.Double">5.51</d:BC_4MONTH>
<d:BC_6MONTH m:type="Edm.Double">5.49</d:BC_6MONTH>
<d:BC_1YEAR m:type="Edm.Double">5.27</d:BC_1YEAR>
<d:BC_2YEAR m:type="Edm.Double">4.59</d:BC_2YEAR>
<d:BC_3YEAR m:type="Edm.Double">4.21</d:BC_3YEAR>
<d:BC_5YEAR m:type="Edm.Double">3.93</d:BC_5YEAR>
<d:BC_7YEAR m:type="Edm.Double">3.85</d:BC_7YEAR>
<d:BC_10YEAR m:type="Edm.Double">3.76</d:BC_10YEAR>
<d:BC_20YEAR m:type="Edm.Double">4.07</d:BC_20YEAR>
<d:BC_30YEAR m:type="Edm.Double">3.90</d:BC_30YEAR>
<d:BC_30YEARDISPLAY m:type="Edm.Double">3.90</d:BC_30YEARDISPLAY>
</m:properties>
</content>
</entry>
<entry>
<title type="text"></title>
<updated>2023-07-18T15:52:20Z</updated>
<author><name /></author>
<category term="TreasuryDataWarehouseModel.DailyTreasuryYieldCurveRateDatum" scheme="http://schemas.microsoft.com/ado/2007/08/dataservices/scheme" />
<content type="application/xml">
<m:properties>
<d:NEW_DATE m:type="Edm.DateTime">2023-07-14T00:00:00</d:NEW_DATE>
<d:BC_1MONTH m:type="Edm.Double">5.37</d:BC_1MONTH>
<d:BC_2MONTH m:type="Edm.Double">5.49</d:BC_2MONTH>
<d:BC_3MONTH m:type="Edm.Double">5.49</d:BC_3MONTH>
<d:BC_4MONTH m:type="Edm.Double">5.53</d:BC_4MONTH>
<d:BC_6MONTH m:type="Edm.Double">5.52</d:BC_6MONTH>
<d:BC_1YEAR m:type="Edm.Double">5.34</d:BC_1YEAR>
<d:BC_2YEAR m:type="Edm.Double">4.74</d:BC_2YEAR>
<d:BC_3YEAR m:type="Edm.Double">4.35</d:BC_3YEAR>
<d:BC_5YEAR m:type="Edm.Double">4.04</d:BC_5YEAR>
<d:BC_7YEAR m:type="Edm.Double">3.94</d:BC_7YEAR>
<d:BC_10YEAR m:type="Edm.Double">3.83</d:BC_10YEAR>
<d:BC_20YEAR m:type="Edm.Double">4.11</d:BC_20YEAR>
<d:BC_30YEAR m:type="Edm.Double">3.93</d:BC_30YEAR>
<d:BC_30YEARDISPLAY m:type="Edm.Double">3.93</d:BC_30YEARDISPLAY>
</m:properties>
</content>
</entry>
<entry>
<title type="text"></title>
<updated>2023-07-18T15:52:20Z</updated>
<author><name /></author>
<category term="TreasuryDataWarehouseModel.DailyTreasuryYieldCurveRateDatum" scheme="http://schemas.microsoft.com/ado/2007/08/dataservices/scheme" />
<content type="application/xml">
<m:properties>
<d:NEW_DATE m:type="Edm.DateTime">2023-07-17T00:00:00</d:NEW_DATE>
<d:BC_1MONTH m:type="Edm.Double">5.37</d:BC_1MONTH>
<d:BC_2MONTH m:type="Edm.Double">5.51</d:BC_2MONTH>
<d:BC_3MONTH m:type="Edm.Double">5.49</d:BC_3MONTH>
<d:BC_4MONTH m:type="Edm.Double">5.53</d:BC_4MONTH>
<d:BC_6MONTH m:type="Edm.Double">5.52</d:BC_6MONTH>
<d:BC_1YEAR m:type="Edm.Double">5.33</d:BC_1YEAR>
<d:BC_2YEAR m:type="Edm.Double">4.74</d:BC_2YEAR>
<d:BC_3YEAR m:type="Edm.Double">4.34</d:BC_3YEAR>
<d:BC_5YEAR m:type="Edm.Double">4.02</d:BC_5YEAR>
<d:BC_7YEAR m:type="Edm.Double">3.91</d:BC_7YEAR>
<d:BC_10YEAR m:type="Edm.Double">3.81</d:BC_10YEAR>
<d:BC_20YEAR m:type="Edm.Double">4.10</d:BC_20YEAR>
<d:BC_30YEAR m:type="Edm.Double">3.94</d:BC_30YEAR>
<d:BC_30YEARDISPLAY m:type="Edm.Double">3.94</d:BC_30YEARDISPLAY>
</m:properties>
</content>
</entry>
<entry>
<title type="text"></title>
<updated>2023-07-18T15:52:20Z</updated>
<author><name /></author>
<category term="TreasuryDataWarehouseModel.DailyTreasuryYieldCurveRateDatum" scheme="http://schemas.microsoft.com/ado/2007/08/dataservices/scheme" />
<content type="application/xml">
<m:properties>
<d:NEW_DATE m:type="Edm.DateTime">2023-07-18T00:00:00</d:NEW_DATE>
<d:BC_1MONTH m:type="Edm.Double">5.37</d:BC_1MONTH>
<d:BC_2MONTH m:type="Edm.Double">5.50</d:BC_2MONTH>
<d:BC_3MONTH m:type="Edm.Double">5.49</d:BC_3MONTH>
<d:BC_4MONTH m:type="Edm.Double">5.53</d:BC_4MONTH>
<d:BC_6MONTH m:type="Edm.Double">5.51</d:BC_6MONTH>
<d:BC_1YEAR m:type="Edm.Double">5.32</d:BC_1YEAR>
<d:BC_2YEAR m:type="Edm.Double">4.74</d:BC_2YEAR>
<d:BC_3YEAR m:type="Edm.Double">4.35</d:BC_3YEAR>
<d:BC_5YEAR m:type="Edm.Double">4.00</d:BC_5YEAR>
<d:BC_7YEAR m:type="Edm.Double">3.90</d:BC_7YEAR>
<d:BC_10YEAR m:type="Edm.Double">3.80</d:BC_10YEAR>
<d:BC_20YEAR m:type="Edm.Double">4.08</d:BC_20YEAR>
<d:BC_30YEAR m:type="Edm.Double">3.91</d:BC_30YEAR>
<d:BC_30YEARDISPLAY m:type="Edm.Double">3.91</d:BC_30YEARDISPLAY>
</m:properties>
</content>
</entry>
</feed>